congress,chamber,icpsr,state_icpsr,district_code,state_abbrev,party_code,occupancy,last_means,bioname,bioguide_id,born,died,nominate_dim1,nominate_dim2,nominate_log_likelihood,nominate_geo_mean_probability,nominate_number_of_votes,nominate_number_of_errors,conditional,nokken_poole_dim1,nokken_poole_dim2
116,House,20301,41,3,AL,200,,,"ROGERS, Mike Dennis",R000575,1958,,0.34,0.452,-32.05041,0.83772,181,10,,0.459,0.499
116,House,21102,41,7,AL,100,,,"SEWELL, Terri",S001185,1965,,-0.391,0.403,-8.99499,0.95446,193,5,,-0.575,0.538
116,House,21192,41,2,AL,200,,,"ROBY, Martha",R000591,1976,,0.372,0.68,-27.90088,0.86276,189,7,,0.526,0.85
116,House,21193,41,5,AL,200,,,"BROOKS, Mo",B001274,1954,,0.617,-0.454,-47.65055,0.77818,190,21,,0.729,-0.521
116,House,21376,41,1,AL,200,,,"BYRNE, Bradley",B001289,1955,,0.551,0.329,-27.08333,0.86382,185,9,,0.614,0.411
116,House,21500,41,6,AL,200,,,"PALMER, Gary James",P000609,1954,,0.756,-0.052,-26.60077,0.87187,194,11,,0.701,0.168
116,House,29701,41,4,AL,200,,,"ADERHOLT, Robert",A000055,1965,,0.364,0.589,-32.61415,0.84303,191,11,,0.622,0.783
116,House,14066,81,1,AK,200,,,"YOUNG, Donald Edwin",Y000033,1933,,0.281,0.017,-42.26629,0.79175,181,12,,0.405,0.193
116,House,20305,61,3,AZ,100,,,"GRIJALVA, Raúl M.",G000551,1948,,-0.599,-0.247,-2.96018,0.98369,180,1,,-0.612,-0.55
116,House,20902,61,2,AZ,100,,,"KIRKPATRICK, Ann",K000368,1950,,-0.159,-0.006,-16.77353,0.91676,193,11,,-0.493,0.87
116,House,21103,61,4,AZ,200,,,"GOSAR, Paul",G000565,1958,,0.645,-0.395,-40.14501,0.8068,187,21,,1.0,-0.03
116,House,21105,61,6,AZ,200,,,"SCHWEIKERT, David",S001183,1962,,0.621,-0.317,-42.1155,0.80486,194,25,,0.529,-0.277
116,House,21502,61,7,AZ,100,,,"GALLEGO, Ruben",G000574,1979,,-0.453,-0.024,-4.11727,0.97889,193,1,,-0.578,0.1
116,House,21705,61,5,AZ,200,,,"BIGGS, Andrew S.",B001302,1958,,0.904,-0.427,-25.58265,0.87525,192,6,,0.991,-0.136
116,House,21739,61,1,AZ,100,,,"O'HALLERAN, Thomas C.",O000171,1946,,-0.173,0.15,-15.07118,0.92451,192,8,,-0.323,0.549
116,House,21757,61,8,AZ,200,,,"LESKO, Debbie",L000589,1958,,0.643,-0.061,-23.14059,0.88756,194,11,,0.607,-0.024
116,House,21968,61,9,AZ,100,,,"STANTON, Greg",S001211,1970,,-0.534,-0.392,-0.96243,0.99505,194,0,,-0.534,-0.392
116,House,21106,42,1,AR,200,,,"CRAWFORD, Rick",C001087,1966,,0.387,0.474,-16.21756,0.91384,180,5,,0.548,0.836
116,House,21108,42,3,AR,200,,,"WOMACK, Steve",W000809,1957,,0.35,0.58,-8.66754,0.95631,194,4,,0.418,0.771
116,House,21503,42,2,AR,200,,,"HILL, French",H001072,1956,,0.473,0.211,-11.28967,0.94318,193,2,,0.426,0.428
116,House,21563,42,4,AR,200,,,"WESTERMAN, Bruce Eugene",W000821,1967,,0.551,0.328,-11.5113,0.94121,190,2,,0.582,0.678
116,House,15448,71,12,CA,100,,,"PELOSI, Nancy",P000197,1940,,-0.49,-0.206,-0.08811,0.996,22,0,,-0.461,0.337
116,House,20104,71,28,CA,100,,,"SCHIFF, Adam",S001150,1960,,-0.348,-0.131,-2.30827,0.98817,194,0,,-0.534,-0.392
116,House,20108,71,53,CA,100,,,"DAVIS, Susan A.",D000598,1944,,-0.343,-0.108,-2.49551,0.98715,193,0,,-0.534,-0.392
116,House,20307,71,22,CA,200,,,"NUNES, Devin",N000181,1973,,0.448,0.208,-14.07257,0.92861,190,3,,0.467,0.884
116,House,20310,71,38,CA,100,,,"SÁNCHEZ, Linda T.",S001156,1969,,-0.508,-0.14,-2.09094,0.98832,178,1,,-0.492,-0.114
116,House,20501,71,16,CA,100,,,"COSTA, Jim",C001059,1952,,-0.189,0.468,-16.45099,0.91789,192,4,,-0.415,0.894
116,House,20538,71,6,CA,100,,,"MATSUI, Doris",M001163,1944,,-0.434,-0.166,-15.76898,0.91913,187,6,,-0.337,0.293
116,House,20702,71,9,CA,100,,,"McNERNEY, Jerry",M001166,1951,,-0.26,-0.147,-3.25224,0.98257,185,0,,-0.456,-0.184
116,House,20703,71,23,CA,200,,,"MCCARTHY, Kevin",M001165,1965,,0.463,0.196,-28.21773,0.86332,192,12,,0.523,0.115
116,House,20762,71,14,CA,100,,,"SPEIER, Karen Lorraine Jacqueline (Jackie)",S001175,1950,,-0.384,-0.459,-8.09306,0.9572,185,1,,-0.843,-0.146
116,House,20903,71,4,CA,200,,,"McCLINTOCK, Tom",M001177,1956,,0.743,-0.505,-43.72248,0.79822,194,31,,0.649,-0.407
116,House,20955,71,27,CA,100,,,"CHU, Judy",C001080,1953,,-0.488,-0.376,-0.99318,0.99484,192,0,,-0.534,-0.392
116,House,20958,71,3,CA,100,,,"GARAMENDI, John",G000559,1945,,-0.309,-0.097,-4.77546,0.97492,188,1,,-0.468,0.015
116,House,20963,71,50,CA,200,,,"HUNTER, Duncan Duane",H001048,1976,,0.521,0.118,-34.54117,0.8369,194,15,,0.66,-0.02
116,House,21110,71,37,CA,100,,,"BASS, Karen",B001270,1953,,-0.587,-0.095,-3.24704,0.98162,175,1,,-0.67,-0.511
116,House,21302,71,1,CA,200,,,"LaMALFA, Doug",L000578,1960,,0.547,0.122,-19.02079,0.90179,184,7,,0.474,0.724
116,House,21303,71,2,CA,100,,,"HUFFMAN, Jared",H001068,1964,,-0.425,-0.535,-7.48769,0.96075,187,2,,-0.248,-0.445
116,House,21304,71,7,CA,100,,,"BERA, Ami",B001287,1965,,-0.229,0.013,-13.62136,0.93186,193,9,,-0.445,0.764
116,House,21305,71,8,CA,200,,,"COOK, Paul",C001094,1943,,0.387,0.185,-18.91619,0.90379,187,7,,0.32,0.412
116,House,21306,71,15,CA,100,,,"SWALWELL, Eric",S001193,1980,,-0.365,-0.115,-3.82463,0.97343,142,1,,-0.575,0.209
116,House,21308,71,26,CA,100,,,"BROWNLEY, Julia",B001285,1952,,-0.285,0.055,-13.18004,0.93399,193,8,,-0.51,0.728
116,House,21309,71,29,CA,100,,,"CÁRDENAS, Tony",C001097,1963,,-0.379,0.026,-8.41985,0.95303,175,4,,-0.293,0.028
116,House,21311,71,36,CA,100,,,"RUIZ, Raul",R000599,1972,,-0.239,0.068,-14.3636,0.92864,194,10,,-0.346,0.483
116,House,21312,71,41,CA,100,,,"TAKANO, Mark",T000472,1960,,-0.466,-0.258,-1.14774,0.9941,194,0,,-0.534,-0.392
116,House,21313,71,47,CA,100,,,"LOWENTHAL, Alan",L000579,1941,,-0.45,-0.359,-1.07519,0.99447,194,0,,-0.534,-0.392
116,House,21314,71,51,CA,100,,,"VARGAS, Juan",V000130,1961,,-0.397,0.116,-6.74771,0.96321,180,2,,-0.613,-0.55
116,House,21315,71,52,CA,100,,,"PETERS, Scott",P000608,1958,,-0.177,-0.056,-19.54963,0.90271,191,10,,-0.454,0.891
116,House,21504,71,11,CA,100,,,"DESAULNIER, Mark James",D000623,1952,,-0.532,-0.347,-0.96931,0.99502,194,0,,-0.534,-0.392
116,House,21506,71,31,CA,100,,,"AGUILAR, Peter Rey",A000371,1979,,-0.287,0.14,-11.55347,0.94218,194,7,,-0.456,0.605
116,House,21507,71,33,CA,100,,,"LIEU, Ted",L000582,1969,,-0.362,-0.255,-1.67902,0.99129,192,0,,-0.534,-0.392
116,House,21508,71,35,CA,100,,,"TORRES, Norma Judith",T000474,1965,,-0.359,0.028,-2.42359,0.98712,187,0,,-0.435,-0.141
116,House,21703,71,44,CA,100,,,"BARRAGÁN, Nanette Diaz",B001300,1976,,-0.508,0.122,-2.25217,0.9884,193,0,,-0.534,-0.392
116,House,21709,71,24,CA,100,,,"CARBAJAL, Salud",C001112,1964,,-0.295,0.151,-6.21867,0.96845,194,1,,-0.534,-0.392
116,House,21711,71,46,CA,100,,,"CORREA, Jose Luis",C001110,1958,,-0.278,0.368,-14.62971,0.92551,189,7,,-0.501,0.865
116,House,21728,71,17,CA,100,,,"KHANNA, Rohit",K000389,1976,,-0.608,-0.152,-10.61849,0.94647,193,2,,-0.265,-0.556
116,House,21740,71,20,CA,100,,,"PANETTA, James Varni",P000613,1969,,-0.31,0.021,-13.54744,0.93255,194,7,,-0.408,0.54
116,House,21754,71,34,CA,100,,,"GOMEZ, Jimmy",G000585,1974,,-0.613,-0.011,-3.27975,0.98306,192,1,,-0.617,-0.501
116,House,21907,71,39,CA,100,,,"CISNEROS, Gil",C001123,1972,,-0.462,0.887,-13.56291,0.93248,194,5,,-0.459,0.888
116,House,21909,71,21,CA,100,,,"COX, TJ",C001124,1963,,-0.423,0.179,-5.74546,0.97052,192,2,,-0.423,0.179
116,House,21930,71,10,CA,100,,,"HARDER, Josh",H001090,1986,,-0.399,0.917,-10.67141,0.94566,191,3,,-0.419,0.908
116,House,21932,71,25,CA,100,,,"HILL, Katie",H001087,1987,,-0.65,0.183,-3.58359,0.9816,193,1,,-0.65,0.183
116,House,21939,71,49,CA,100,,,"LEVIN, Mike",L000593,1978,,-0.534,-0.392,-0.96243,0.99505,194,0,,-0.534,-0.392
116,House,21954,71,45,CA,100,,,"PORTER, Katie",P000618,1974,,-0.439,0.899,-9.62779,0.95059,190,5,,-0.435,0.901
116,House,21960,71,48,CA,100,,,"ROUDA, Harley",R000616,1961,,-0.408,0.913,-12.00511,0.93684,184,2,,-0.401,0.916
116,House,29106,71,43,CA,100,,,"WATERS, Maxine",W000187,1938,,-0.654,-0.075,-35.50571,0.83196,193,10,,-0.557,0.83
116,House,29312,71,18,CA,100,,,"ESHOO, Anna Georges",E000215,1942,,-0.382,-0.432,-1.17805,0.99362,184,0,,-0.531,-0.395
116,House,29317,71,40,CA,100,,,"ROYBAL-ALLARD, Lucille",R000486,1941,,-0.471,-0.191,-1.25203,0.9935,192,0,,-0.534,-0.392
116,House,29323,71,42,CA,200,,,"CALVERT, Ken",C000059,1953,,0.349,0.211,-13.39223,0.93263,192,3,,0.341,0.877
116,House,29504,71,19,CA,100,,,"LOFGREN, Zoe",L000397,1947,,-0.402,-0.443,-8.12814,0.95876,193,2,,-0.792,0.095
116,House,29707,71,30,CA,100,,,"SHERMAN, Brad",S000344,1954,,-0.342,-0.149,-4.93286,0.97369,185,2,,-0.556,0.215
116,House,29778,71,13,CA,100,,,"LEE, Barbara",L000551,1946,,-0.683,-0.583,-1.41021,0.99264,191,0,,-0.535,-0.385
116,House,29901,71,5,CA,100,,,"THOMPSON, Michael",T000460,1951,,-0.395,0.064,-23.97924,0.88373,194,13,,-0.456,0.89
116,House,29903,71,32,CA,100,,,"NAPOLITANO, Grace Flores",N000179,1936,,-0.448,-0.247,-2.17145,0.98887,194,1,,-0.471,-0.179
116,House,20704,62,5,CO,200,,,"LAMBORN, Doug",L000564,1954,,0.686,0.192,-14.74223,0.92534,190,5,,0.629,0.431
116,House,20705,62,7,CO,100,,,"PERLMUTTER, Ed",P000593,1953,,-0.282,0.079,-7.30469,0.96305,194,2,,-0.416,0.143
116,House,21111,62,3,CO,200,,,"TIPTON, Scott",T000470,1956,,0.453,-0.031,-22.84509,0.88837,193,8,,0.447,-0.021
116,House,21510,62,4,CO,200,,,"BUCK, Kenneth Robert",B001297,1959,,0.757,-0.478,-45.83668,0.78054,185,19,,0.711,-0.413
116,House,21912,62,6,CO,100,,,"CROW, Jason",C001121,1979,,-0.246,0.506,-15.35989,0.92388,194,4,,-0.246,0.52
116,House,21948,62,2,CO,100,,,"NEGUSE, Joseph",N000191,1984,,-0.534,-0.392,-0.96243,0.99505,194,0,,-0.534,-0.392
116,House,29710,62,1,CO,100,,,"DeGETTE, Diana",D000197,1957,,-0.432,-0.312,-2.21575,0.98859,193,1,,-0.471,-0.179
116,House,20706,1,2,CT,100,,,"COURTNEY, Joe",C001069,1953,,-0.344,0.015,-7.14773,0.96383,194,1,,-0.705,-0.071
116,House,20907,1,4,CT,100,,,"HIMES, James A.",H001047,1966,,-0.241,-0.248,-18.06725,0.9079,187,8,,-0.314,0.291
116,House,21931,1,5,CT,100,,,"HAYES, Jahana",H001081,1973,,-0.344,-0.474,-7.48936,0.96174,192,2,,-0.344,-0.474
116,House,29109,1,3,CT,100,,,"DeLAURO, Rosa L.",D000216,1943,,-0.416,-0.122,-5.63664,0.97046,188,2,,-0.702,-0.064
116,House,29908,1,1,CT,100,,,"LARSON, John B.",L000557,1948,,-0.398,-0.056,-4.38201,0.97755,193,2,,-0.347,-0.142
116,House,21706,11,1,DE,100,,,"BLUNT ROCHESTER, Lisa",B001303,1962,,-0.325,-0.111,-2.71752,0.98602,193,0,,-0.534,-0.392
116,House,20316,43,25,FL,200,,,"DIAZ-BALART, Mario",D000600,1961,,0.277,0.11,-35.39034,0.83086,191,15,,0.277,0.31
116,House,20504,43,23,FL,100,,,"WASSERMAN SCHULTZ, Debbie",W000797,1966,,-0.422,0.061,-2.66339,0.98629,193,0,,-0.535,-0.393
116,House,20708,43,14,FL,100,,,"CASTOR, Kathy",C001066,1966,,-0.439,0.046,-2.39021,0.98756,191,0,,-0.534,-0.392
116,House,20709,43,16,FL,200,,,"BUCHANAN, Vernon G.",B001260,1951,,0.359,-0.15,-36.57515,0.82405,189,13,,0.359,-0.151
116,House,20758,43,12,FL,200,,,"BILIRAKIS, Gus",B001257,1963,,0.405,0.023,-25.87014,0.87208,189,13,,0.426,-0.028
116,House,20909,43,8,FL,200,,,"POSEY, Bill",P000599,1947,,0.514,-0.311,-37.37259,0.82312,192,17,,0.529,-0.249
116,House,20959,43,22,FL,100,,,"DEUTCH, Theodore E. (Ted)",D000610,1966,,-0.401,-0.104,-1.71195,0.99074,184,0,,-0.546,-0.412
116,House,21116,43,11,FL,200,,,"WEBSTER, Daniel A.",W000806,1949,,0.488,-0.02,-32.32386,0.84506,192,17,,0.545,-0.15
116,House,21118,43,24,FL,100,,,"WILSON, Frederica",W000808,1942,,-0.474,-0.017,-1.99835,0.9865,147,1,,-0.424,-0.206
116,House,21317,43,3,FL,200,,,"YOHO, Ted",Y000065,1955,,0.704,-0.358,-27.44832,0.8628,186,12,,0.787,-0.123
116,House,21321,43,21,FL,100,,,"FRANKEL, Lois",F000462,1948,,-0.403,-0.095,-2.08143,0.98716,161,1,,-0.445,-0.162
116,House,21712,43,13,FL,100,,,"CRIST, Charlie Joseph Jr.",C001111,1956,,-0.211,-0.022,-11.87928,0.9406,194,6,,-0.231,-0.002
116,House,21713,43,10,FL,100,,,"DEMINGS, Valdez Butler",D000627,1957,,-0.347,-0.231,-2.35566,0.98787,193,1,,-0.471,-0.179
116,House,21714,43,2,FL,200,,,"DUNN, Neal Patrick",D000628,1953,,0.5,0.268,-15.05561,0.92225,186,5,,0.497,0.26
116,House,21719,43,1,FL,200,,,"GAETZ, Matthew L. II",G000578,1982,,0.684,-0.488,-46.85822,0.77301,182,17,,0.617,-0.537
116,House,21732,43,5,FL,100,,,"LAWSON, Alfred Jr.",L000586,1948,,-0.255,0.074,-7.54437,0.95983,184,3,,-0.271,-0.026
116,House,21735,43,18,FL,200,,,"MAST, Brian Jeffery",M001199,1980,,0.369,-0.166,-33.50506,0.81822,167,11,,0.476,-0.122
116,House,21738,43,7,FL,100,,,"MURPHY, Stephanie",M001202,1978,,-0.156,0.021,-14.64427,0.92729,194,7,,-0.22,0.112
116,House,21742,43,19,FL,200,,,"ROONEY, Francis",R000607,1953,,0.549,-0.289,-16.41625,0.87506,123,6,,0.501,-0.262
116,House,21744,43,4,FL,200,,,"RUTHERFORD, John Henry",R000609,1952,,0.391,0.396,-29.55943,0.84376,174,12,,0.543,0.063
116,House,21746,43,9,FL,100,,,"SOTO, Darren Michael",S001200,1978,,-0.382,0.13,-3.83541,0.98002,190,1,,-0.534,-0.392
116,House,21947,43,26,FL,100,,,"MUCARSEL-POWELL, Debbie",M001207,1971,,-0.39,0.45,-11.8704,0.94035,193,8,,-0.389,0.45
116,House,21963,43,27,FL,100,,,"SHALALA, Donna",S001206,1941,,-0.534,-0.392,-0.96243,0.99503,193,0,,-0.534,-0.392
116,House,21967,43,15,FL,200,,,"SPANO, Ross",S001210,1966,,0.466,0.038,-22.03902,0.89156,192,8,,0.466,0.038
116,House,21971,43,17,FL,200,,,"STEUBE, William",S001214,1978,,0.72,-0.343,-27.7777,0.86058,185,6,,0.72,-0.343
116,House,21981,43,6,FL,200,,,"WALTZ, Michael",W000823,1974,,0.388,-0.108,-31.29538,0.84959,192,16,,0.387,-0.109
116,House,29337,43,20,FL,100,,,"HASTINGS, Alcee Lamar",H000324,1936,,-0.564,0.156,-3.45274,0.97904,163,1,,-0.631,0.212
116,House,15431,44,5,GA,100,,,"LEWIS, John R.",L000287,1940,,-0.59,-0.225,-1.02868,0.99468,193,0,,-0.536,-0.391
116,House,20321,44,13,GA,100,,,"SCOTT, David",S001157,1945,,-0.301,0.164,-5.69148,0.97094,193,0,,-0.471,-0.179
116,House,20712,44,4,GA,100,,,"JOHNSON, Hank",J000288,1954,,-0.469,0.013,-5.05429,0.97402,192,1,,-0.661,-0.508
116,House,20962,44,14,GA,200,,,"GRAVES, Tom",G000560,1970,,0.733,-0.015,-23.0139,0.88814,194,7,,0.677,0.354
116,House,21122,44,7,GA,200,,,"WOODALL, Rob",W000810,1970,,0.632,-0.217,-26.83005,0.86766,189,10,,0.511,0.223
116,House,21123,44,8,GA,200,,,"SCOTT, Austin",S001189,1969,,0.563,0.167,-25.15794,0.87838,194,9,,0.425,0.418
116,House,21323,44,9,GA,200,,,"COLLINS, Doug",C001093,1966,,0.613,0.068,-22.01881,0.88664,183,12,,0.548,0.075
116,House,21513,44,1,GA,200,,,"CARTER, Buddy",C001103,1957,,0.552,0.218,-27.6832,0.86638,193,9,,0.515,-0.034
116,House,21514,44,10,GA,200,,,"HICE, Jody Brownlow",H001071,1960,,0.743,-0.111,-25.59856,0.87638,194,10,,0.747,0.015
116,House,21515,44,11,GA,200,,,"LOUDERMILK, Barry D.",L000583,1963,,0.667,-0.058,-20.12906,0.89475,181,6,,0.69,0.25
116,House,21516,44,12,GA,200,,,"ALLEN, Rick W.",A000372,1951,,0.639,0.269,-31.17374,0.85156,194,10,,0.766,0.261
116,House,21717,44,3,GA,200,,,"FERGUSON, Anderson Drew IV",F000465,1967,,0.549,0.156,-25.27824,0.87783,194,9,,0.609,0.285
116,House,21944,44,6,GA,100,,,"McBATH, Lucy",M001208,1960,,-0.196,0.074,-14.40782,0.92807,193,6,,-0.196,0.077
116,House,29339,44,2,GA,100,,,"BISHOP, Sanford Dixon, Jr.",B000490,1947,,-0.281,0.466,-16.42808,0.918,192,12,,-0.241,-0.499
116,House,20322,82,1,HI,100,,,"CASE, Ed",C001055,1952,,-0.205,-0.169,-6.69539,0.96608,194,1,,-0.589,0.221
116,House,21324,82,2,HI,100,,,"GABBARD, Tulsi",G000571,1981,,-0.279,-0.248,-6.01443,0.96463,167,1,,-0.334,-0.756
116,House,21920,63,1,ID,200,,,"FULCHER, Russell",F000469,1973,,0.615,0.366,-16.25998,0.91715,188,5,,0.615,0.366
116,House,29910,63,2,ID,200,,,"SIMPSON, Michael K.",S001148,1950,,0.294,0.282,-38.01119,0.81868,190,18,,0.349,0.289
116,House,20508,21,3,IL,100,,,"LIPINSKI, Daniel",L000563,1966,,-0.232,0.177,-17.41938,0.91283,191,3,,-0.175,-0.256
116,House,20749,21,11,IL,100,,,"FOSTER, Bill",F000454,1955,,-0.226,-0.233,-3.81357,0.98023,191,1,,-0.537,-0.382
116,House,20954,21,5,IL,100,,,"QUIGLEY, Mike",Q000023,1958,,-0.32,-0.289,-2.17288,0.98832,185,1,,-0.464,-0.165
116,House,21128,21,16,IL,200,,,"KINZINGER, Adam",K000378,1978,,0.269,0.318,-39.04809,0.80203,177,21,,0.278,0.209
116,House,21326,21,10,IL,100,,,"SCHNEIDER, Brad",S001190,1961,,-0.165,-0.22,-7.05508,0.96374,191,1,,-0.229,-0.354
116,House,21328,21,13,IL,200,,,"DAVIS, Rodney",D000619,1970,,0.294,0.12,-25.15811,0.86956,180,7,,0.271,0.194
116,House,21329,21,17,IL,100,,,"BUSTOS, Cheri",B001286,1961,,-0.236,0.026,-6.51083,0.967,194,1,,-0.589,0.221
116,House,21371,21,2,IL,100,,,"KELLY, Robin L.",K000385,1956,,-0.462,0.005,-11.04755,0.94464,194,5,,-0.587,0.586
116,House,21519,21,12,IL,200,,,"BOST, Mike",B001295,1960,,0.267,0.515,-20.1086,0.89805,187,6,,0.337,0.389
116,House,21562,21,18,IL,200,,,"LaHOOD, Darin",L000585,1968,,0.458,0.124,-13.01956,0.93096,182,3,,0.539,0.604
116,House,21730,21,8,IL,100,,,"KRISHNAMOORTHI, S. Raja",K000391,1973,,-0.31,-0.119,-18.9036,0.9067,193,10,,-0.359,0.518
116,House,21906,21,6,IL,100,,,"CASTEN, Sean",C001117,1971,,-0.23,-0.346,-7.66188,0.96108,193,2,,-0.23,-0.346
116,House,21921,21,4,IL,100,,,"GARCÍA, Jesús",G000586,1956,,-0.647,-0.155,-4.4163,0.97738,193,2,,-0.647,-0.155
116,House,21979,21,14,IL,100,,,"UNDERWOOD, Lauren",U000040,1986,,-0.913,0.408,-12.12131,0.93943,194,2,,-0.913,0.408
116,House,29346,21,1,IL,100,,,"RUSH, Bobby L.",R000515,1946,,-0.479,-0.202,-4.55021,0.97448,176,1,,-0.625,0.28
116,House,29717,21,7,IL,100,,,"DAVIS, Danny K.",D000096,1941,,-0.486,-0.262,-3.44641,0.98164,186,1,,-0.661,-0.504
116,House,29718,21,15,IL,200,,,"SHIMKUS, John M.",S000364,1958,,0.371,0.145,-15.40285,0.9197,184,4,,0.358,0.514
116,House,29911,21,9,IL,100,,,"SCHAKOWSKY, Janice D.",S001145,1944,,-0.607,-0.266,-1.02209,0.99466,191,0,,-0.535,-0.392
116,House,15124,22,1,IN,100,,,"VISCLOSKY, Peter",V000108,1949,,-0.402,0.244,-4.59049,0.97625,191,0,,-0.471,-0.179
116,House,20757,22,7,IN,100,,,"CARSON, André",C001072,1974,,-0.429,0.055,-4.28874,0.9778,191,1,,-0.549,-0.023
116,House,21132,22,8,IN,200,,,"BUCSHON, Larry",B001275,1962,,0.393,0.238,-17.99131,0.90387,178,6,,0.461,0.254
116,House,21330,22,2,IN,200,,,"WALORSKI, Jackie",W000813,1963,,0.442,0.317,-19.02915,0.90564,192,8,,0.399,0.309
116,House,21331,22,5,IN,200,,,"BROOKS, Susan",B001284,1960,,0.368,0.231,-30.29219,0.84896,185,14,,0.335,0.069
116,House,21702,22,3,IN,200,,,"BANKS, James E.",B001299,1979,,0.665,-0.032,-26.183,0.87375,194,13,,0.683,0.016
116,House,21725,22,9,IN,200,,,"HOLLINGSWORTH, Joseph Albert III",H001074,1983,,0.454,-0.243,-48.77846,0.77358,190,28,,0.435,-0.388
116,House,21903,22,4,IN,200,,,"BAIRD, James",B001307,1945,,0.522,0.547,-11.01199,0.94454,193,5,,0.522,0.547
116,House,21952,22,6,IN,200,,,"PENCE, Gregory",P000615,1956,,0.551,0.663,-11.78723,0.93954,189,5,,0.551,0.663
116,House,20325,31,4,IA,200,,,"KING, Steve",K000362,1949,,0.617,0.219,-50.95225,0.76038,186,24,,0.593,-0.168
116,House,20720,31,2,IA,100,,,"LOEBSACK, Dave",L000565,1952,,-0.276,-0.038,-5.10775,0.97361,191,1,,-0.577,0.245
116,House,21902,31,3,IA,100,,,"AXNE, Cynthia",A000378,1965,,-0.275,0.758,-20.03141,0.9019,194,8,,-0.275,0.776
116,House,21918,31,1,IA,100,,,"FINKENAUER, Abby",F000467,1988,,-0.295,0.522,-17.79447,0.91192,193,12,,-0.314,0.493
116,House,21734,32,1,KS,200,,,"MARSHALL, Roger Wayne",M001198,1960,,0.489,0.212,-15.27634,0.92033,184,7,,0.472,0.28
116,House,21750,32,4,KS,200,,,"ESTES, Ron",E000298,1956,,0.574,0.154,-14.69502,0.92632,192,6,,0.634,0.461
116,House,21914,32,3,KS,100,,,"DAVIDS, Sharice",D000629,1980,,-0.175,0.247,-20.47335,0.89985,194,14,,-0.175,0.256
116,House,21982,32,2,KS,200,,,"WATKINS, Steve",W000824,1976,,0.464,0.038,-26.26234,0.87278,193,13,,0.463,0.037
116,House,14854,51,5,KY,200,,,"ROGERS, Harold Dallas (Hal)",R000395,1937,,0.334,0.099,-22.41595,0.88981,192,8,,0.411,0.911
116,House,20723,51,3,KY,100,,,"YARMUTH, John",Y000062,1947,,-0.378,-0.274,-1.375,0.99275,189,0,,-0.525,-0.388
116,House,20916,51,2,KY,200,,,"GUTHRIE, Brett",G000558,1964,,0.413,0.257,-12.26601,0.93873,194,3,,0.369,0.64
116,House,21333,51,6,KY,200,,,"BARR, Garland H. (Andy) IV",B001282,1973,,0.496,0.297,-23.26363,0.88533,191,9,,0.587,0.2
116,House,21565,51,1,KY,200,,,"COMER, James",C001108,1972,,0.595,-0.019,-25.36606,0.87315,187,10,,0.597,0.046
116,House,31102,51,4,KY,200,,,"MASSIE, Thomas",M001184,1971,,0.669,-0.744,-58.50745,0.7238,181,29,,1.0,-0.03
116,House,20759,45,1,LA,200,,,"SCALISE, Steve",S001176,1965,,0.561,0.134,-15.11914,0.92428,192,6,,0.591,0.436
116,House,21137,45,2,LA,100,,,"RICHMOND, Cedric",R000588,1973,,-0.479,0.321,-7.68803,0.95773,178,2,,-0.668,-0.522
116,House,21522,45,5,LA,200,,,"ABRAHAM, Ralph",A000374,1954,,0.514,0.286,-7.24314,0.93997,117,3,,0.639,0.366
116,House,21523,45,6,LA,200,,,"GRAVES, Garret",G000577,1972,,0.492,-0.087,-27.10348,0.86961,194,12,,0.432,-0.07
116,House,21724,45,3,LA,200,,,"HIGGINS, Clay",H001077,1961,,0.551,-0.045,-32.12079,0.8414,186,17,,0.581,-0.196
116,House,21727,45,4,LA,200,,,"JOHNSON, Mike",J000299,1972,,0.604,-0.108,-19.77241,0.89258,174,5,,0.66,0.046
116,House,20920,2,1,ME,100,,,"PINGREE, Chellie",P000597,1955,,-0.421,-0.404,-1.01019,0.99467,189,0,,-0.52,-0.387
116,House,21923,2,2,ME,100,,,"GOLDEN, Jared",G000592,1982,,-0.134,0.532,-36.11257,0.83015,194,15,,-0.133,0.517
116,House,14873,52,5,MD,100,,,"HOYER, Steny Hamilton",H000874,1939,,-0.38,0.115,-3.6242,0.9812,191,0,,-0.471,-0.179
116,House,20329,52,2,MD,100,,,"RUPPERSBERGER, C. A. (Dutch)",R000576,1946,,-0.295,0.135,-5.41396,0.97205,191,1,,-0.529,-0.382
116,House,20724,52,3,MD,100,,,"SARBANES, John",S001168,1962,,-0.469,-0.076,-2.22732,0.98847,192,1,,-0.471,-0.179
116,House,21139,52,1,MD,200,,,"HARRIS, Andy",H001052,1957,,0.626,-0.36,-36.30583,0.82689,191,18,,0.755,-0.482
116,House,21707,52,4,MD,100,,,"BROWN, Anthony Gregory",B001304,1961,,-0.344,-0.185,-2.10184,0.98922,194,0,,-0.534,-0.392
116,House,21741,52,8,MD,100,,,"RASKIN, Jamie Ben",R000606,1962,,-0.552,-0.188,-1.05978,0.99447,191,0,,-0.53,-0.391
116,House,21978,52,6,MD,100,,,"TRONE, David",T000483,1955,,-0.229,-0.347,-5.51857,0.97045,184,2,,-0.229,-0.347
116,House,29587,52,7,MD,100,,,"CUMMINGS, Elijah Eugene",C000984,1951,,-0.438,-0.149,-6.33718,0.96362,171,2,,-0.354,-0.069
116,House,15616,3,1,MA,100,,,"NEAL, Richard Edmund",N000015,1949,,-0.417,-0.111,-1.77238,0.99067,189,0,,-0.534,-0.392
116,House,20119,3,8,MA,100,,,"LYNCH, Stephen F.",L000562,1955,,-0.351,0.038,-4.76851,0.97547,192,1,,-0.589,0.221
116,House,21140,3,9,MA,100,,,"KEATING, William R.",K000375,1952,,-0.329,-0.134,-8.37578,0.95597,186,4,,-0.328,0.112
116,House,21335,3,4,MA,100,,,"KENNEDY, Joseph P. III",K000379,1980,,-0.422,-0.17,-1.48324,0.99222,190,0,,-0.555,-0.41
116,House,21375,3,5,MA,100,,,"CLARK, Katherine M.",C001101,1963,,-0.489,-0.388,-4.27681,0.97727,186,1,,-0.402,-0.228
116,House,21525,3,6,MA,100,,,"MOULTON, Seth",M001196,1978,,-0.295,-0.094,-26.83999,0.86289,182,9,,-0.199,0.197
116,House,21955,3,7,MA,100,,,"PRESSLEY, Ayanna",P000617,1974,,-0.627,-0.779,-6.0997,0.96857,191,3,,-0.647,-0.763
116,House,21977,3,3,MA,100,,,"TRAHAN, Lori",T000482,1973,,-0.534,-0.392,-0.96243,0.99505,194,0,,-0.534,-0.392
116,House,29729,3,2,MA,100,,,"McGOVERN, James P.",M000312,1959,,-0.539,-0.296,-0.98861,0.99489,193,0,,-0.534,-0.392
116,House,15446,23,6,MI,200,,,"UPTON, Frederick Stephen",U000031,1953,,0.338,-0.393,-41.02364,0.80762,192,17,,0.251,-0.026
116,House,20725,23,7,MI,200,,,"WALBERG, Tim",W000798,1951,,0.525,0.06,-16.51969,0.91837,194,4,,0.445,0.28
116,House,21142,23,2,MI,200,,,"HUIZENGA, Bill",H001058,1969,,0.625,-0.043,-20.00403,0.89957,189,7,,0.538,0.138
116,House,21143,23,3,MI,200,,,"AMASH, Justin",A000367,1980,,0.64,-0.768,-88.46321,0.62929,191,35,,0.585,-0.811
116,House,21372,23,5,MI,100,,,"KILDEE, Dan",K000380,1958,,-0.394,-0.208,-1.59188,0.99183,194,0,,-0.534,-0.392
116,House,21526,23,4,MI,200,,,"MOOLENAAR, John",M001194,1961,,0.397,0.485,-11.52052,0.94234,194,4,,0.385,0.583
116,House,21529,23,12,MI,100,,,"DINGELL, Debbie",D000624,1953,,-0.409,-0.108,-1.98653,0.9889,178,1,,-0.462,-0.15
116,House,21530,23,14,MI,100,,,"LAWRENCE, Brenda L",L000581,1954,,-0.444,-0.035,-2.37234,0.98778,193,1,,-0.471,-0.179
116,House,21704,23,1,MI,200,,,"BERGMAN, John",B001301,1947,,0.455,0.0,-32.45117,0.8399,186,20,,0.529,-0.04
116,House,21737,23,10,MI,200,,,"MITCHELL, Paul",M001201,1961,,0.449,0.319,-24.38131,0.8819,194,8,,0.521,0.156
116,House,21940,23,9,MI,100,,,"LEVIN, Andy",L000592,1960,,-0.534,-0.392,-0.96243,0.99505,194,0,,-0.534,-0.392
116,House,21965,23,8,MI,100,,,"SLOTKIN, Elissa",S001208,1976,,-0.22,0.6,-19.23734,0.90513,193,10,,-0.221,0.576
116,House,21972,23,11,MI,100,,,"STEVENS, Haley",S001215,1983,,-0.458,0.663,-8.67755,0.95626,194,3,,-0.456,0.663
116,House,21975,23,13,MI,100,,,"TLAIB, Rashida",T000481,1976,,-0.723,-0.691,-5.51509,0.97139,190,3,,-0.713,-0.701
116,House,20122,33,4,MN,100,,,"McCOLLUM, Betty",M001143,1954,,-0.417,-0.192,-2.19166,0.98877,194,1,,-0.471,-0.179
116,House,21531,33,6,MN,200,,,"EMMER, Thomas Earl II",E000294,1961,,0.443,-0.046,-20.92934,0.88965,179,8,,0.569,0.666
116,House,21910,33,2,MN,100,,,"CRAIG, Angela",C001119,1972,,-0.289,0.711,-14.07498,0.93002,194,5,,-0.29,0.675
116,House,21929,33,1,MN,200,,,"HAGEDORN, Jim",H001088,1962,,0.401,0.916,-12.14372,0.93902,193,5,,0.401,0.916
116,House,21950,33,5,MN,100,,,"OMAR, Ilhan",O000173,1981,,-0.765,-0.644,-5.56537,0.97005,183,3,,-0.721,-0.693
116,House,21953,33,3,MN,100,,,"PHILLIPS, Dean",P000616,1969,,-0.213,-0.121,-10.06206,0.94946,194,2,,-0.212,-0.12
116,House,21969,33,8,MN,200,,,"STAUBER, Peter",S001212,1966,,0.342,-0.048,-41.17822,0.80606,191,22,,0.341,-0.049
116,House,29127,33,7,MN,100,,,"PETERSON, Collin Clark",P000258,1944,,-0.148,0.708,-43.47972,0.79641,191,19,,-0.223,0.862
116,House,21148,46,4,MS,200,,,"PALAZZO, Steven",P000601,1970,,0.496,0.522,-13.56259,0.9304,188,5,,0.592,0.806
116,House,21561,46,1,MS,200,,,"KELLY, Trent",K000388,1966,,0.584,0.241,-14.13796,0.92901,192,5,,0.642,0.503
116,House,21927,46,3,MS,200,,,"GUEST, Michael",G000591,1970,,0.452,0.256,-16.53148,0.91539,187,4,,0.451,0.256
116,House,29368,46,2,MS,100,,,"THOMPSON, Bennie",T000193,1948,,-0.516,0.401,-4.75481,0.97503,188,1,,-0.534,-0.392
116,House,20124,34,6,MO,200,,,"GRAVES, Samuel",G000546,1963,,0.432,0.168,-15.36204,0.92311,192,4,,0.442,0.561
116,House,20147,34,1,MO,100,,,"CLAY, William Lacy, Jr.",C001049,1956,,-0.48,-0.08,-1.10449,0.99398,183,0,,-0.525,-0.328
116,House,20517,34,5,MO,100,,,"CLEAVER, Emanuel, II",C001061,1944,,-0.453,0.013,-2.29766,0.98785,188,1,,-0.472,-0.16
116,House,20926,34,3,MO,200,,,"LUETKEMEYER, Blaine",L000569,1952,,0.446,0.248,-15.75955,0.92198,194,5,,0.43,0.48
116,House,21149,34,4,MO,200,,,"HARTZLER, Vicky",H001053,1960,,0.491,0.384,-13.79207,0.92544,178,6,,0.38,0.624
116,House,21150,34,7,MO,200,,,"LONG, Billy",L000576,1955,,0.545,0.268,-32.35517,0.84417,191,14,,0.477,0.011
116,House,21337,34,2,MO,200,,,"WAGNER, Ann",W000812,1962,,0.464,0.139,-36.04935,0.82031,182,20,,0.39,-0.054
116,House,21373,34,8,MO,200,,,"SMITH, Jason",S001195,1980,,0.607,0.223,-18.387,0.90957,194,6,,0.512,0.584
116,House,21751,64,1,MT,200,,,"GIANFORTE, Greg",G000584,1961,,0.426,0.079,-21.47434,0.89418,192,7,,0.429,0.127
116,House,20518,35,1,NE,200,,,"FORTENBERRY, Jeff",F000449,1960,,0.301,-0.065,-34.40037,0.83439,190,15,,0.364,-0.18
116,House,20729,35,3,NE,200,,,"SMITH, Adrian",S001172,1970,,0.509,0.184,-18.5889,0.90818,193,6,,0.47,0.31
116,House,21701,35,2,NE,200,,,"BACON, Donald J.",B001298,1963,,0.411,-0.109,-42.7383,0.80228,194,24,,0.384,-0.208
116,House,20927,65,1,NV,100,,,"TITUS, Alice (Dina)",T000468,1950,,-0.301,-0.208,-6.07636,0.96568,174,2,,-0.708,-0.025
116,House,21196,65,2,NV,200,,,"AMODEI, Mark E.",A000369,1958,,0.382,0.183,-35.82173,0.82222,183,19,,0.491,0.118
116,House,21339,65,4,NV,100,,,"HORSFORD, Steven",H001066,1973,,-0.348,0.082,-16.47098,0.9182,193,10,,-0.475,0.75
116,House,21938,65,3,NV,100,,,"LEE, Susie",L000590,1966,,-0.215,0.084,-17.58439,0.91292,193,8,,-0.215,0.086
116,House,21340,4,2,NH,100,,,"KUSTER, Ann McLane",K000382,1956,,-0.253,-0.135,-6.96388,0.96438,192,2,,-0.414,0.173
116,House,21951,4,1,NH,100,,,"PAPPAS, Chris",P000614,1980,,-0.518,0.729,-8.53196,0.95697,194,3,,-0.517,0.729
116,House,14863,12,4,NJ,200,,,"SMITH, Christopher Henry",S000522,1953,,0.163,-0.17,-60.79998,0.72857,192,28,,0.233,-0.145
116,House,15454,12,6,NJ,100,,,"PALLONE, Frank, Jr.",P000034,1951,,-0.404,-0.159,-1.68526,0.99135,194,0,,-0.534,-0.392
116,House,20542,12,8,NJ,100,,,"SIRES, Albio",S001165,1951,,-0.405,0.093,-2.64525,0.98588,186,1,,-0.453,-0.148
116,House,21536,12,1,NJ,100,,,"NORCROSS, Donald",N000188,1958,,-0.425,0.339,-5.40743,0.97223,192,0,,-0.471,-0.179
116,House,21538,12,12,NJ,100,,,"WATSON COLEMAN, Bonnie",W000822,1945,,-0.632,-0.109,-27.00119,0.86817,191,8,,-0.472,0.655
116,House,21723,12,5,NJ,100,,,"GOTTHEIMER, Josh S.",G000583,1975,,-0.135,0.162,-29.83874,0.85744,194,20,,-0.142,0.478
116,House,21937,12,3,NJ,100,,,"KIM, Andy",K000394,1982,,-0.341,0.618,-13.81323,0.93127,194,9,,-0.338,0.62
116,House,21942,12,7,NJ,100,,,"MALINOWSKI, Tomaz",M001203,1965,,-0.253,-0.392,-6.89653,0.96508,194,1,,-0.253,-0.392
116,House,21964,12,11,NJ,100,,,"SHERRILL, Mikie",S001207,1972,,-0.161,0.234,-18.38957,0.90912,193,8,,-0.161,0.245
116,House,21980,12,2,NJ,100,,,"VAN DREW, Jefferson",V000133,1953,,-0.163,0.669,-20.25371,0.89683,186,8,,-0.162,0.657
116,House,29741,12,9,NJ,100,,,"PASCRELL, William J., Jr.",P000096,1937,,-0.367,-0.002,-2.96323,0.98468,192,1,,-0.471,-0.179
116,House,31103,12,10,NJ,100,,,"PAYNE, Donald, Jr.",P000604,1958,,-0.518,-0.105,-1.15246,0.9924,151,0,,-0.537,-0.44
116,House,20932,66,3,NM,100,,,"LUJÁN, Ben Ray",L000570,1972,,-0.368,0.021,-2.82283,0.98533,191,0,,-0.532,-0.383
116,House,21928,66,1,NM,100,,,"HAALAND, Debra",H001080,1960,,-0.534,-0.392,-0.96243,0.99505,194,0,,-0.534,-0.392
116,House,21976,66,2,NM,100,,,"TORRES SMALL, Xochitl",T000484,1984,,-0.139,0.232,-22.0011,0.89173,192,12,,-0.139,0.244
116,House,15603,13,16,NY,100,,,"ENGEL, Eliot Lance",E000179,1947,,-0.408,-0.09,-1.8718,0.99015,189,0,,-0.535,-0.386
116,House,15612,13,17,NY,100,,,"LOWEY, Nita M.",L000480,1937,,-0.389,-0.158,-1.72028,0.99084,187,0,,-0.532,-0.386
116,House,20519,13,26,NY,100,,,"HIGGINS, Brian",H001038,1959,,-0.347,-0.033,-2.56073,0.98668,191,0,,-0.524,-0.391
116,House,20733,13,9,NY,100,,,"CLARKE, Yvette Diane",C001067,1964,,-0.616,-0.195,-3.08164,0.98424,194,1,,-0.613,-0.55
116,House,20934,13,20,NY,100,,,"TONKO, Paul",T000469,1949,,-0.422,-0.257,-0.64875,0.99644,182,0,,-0.455,-0.298
116,House,21101,13,23,NY,200,,,"REED, Thomas W. II",R000585,1971,,0.29,0.102,-38.26463,0.81845,191,15,,0.242,0.246
116,House,21342,13,6,NY,100,,,"MENG, Grace",M001188,1975,,-0.378,-0.139,-24.31971,0.87926,189,10,,-0.486,0.832
116,House,21343,13,8,NY,100,,,"JEFFRIES, Hakeem",J000294,1970,,-0.487,-0.088,-2.01225,0.98912,184,1,,-0.452,-0.148
116,House,21344,13,18,NY,100,,,"MALONEY, Sean Patrick",M001185,1966,,-0.237,0.116,-14.06568,0.92864,190,10,,-0.525,0.851
116,House,21345,13,27,NY,200,,,"COLLINS, Chris",C001092,1950,,0.367,0.21,-24.92949,0.87823,192,12,,0.4,0.05
116,House,21539,13,1,NY,200,,,"ZELDIN, Lee M",Z000017,1980,,0.372,-0.11,-32.59706,0.8446,193,8,,0.445,-0.115
116,House,21540,13,4,NY,100,,,"RICE, Kathleen Maura",R000602,1965,,-0.286,0.006,-20.78794,0.89426,186,12,,-0.22,0.245
116,House,21541,13,21,NY,200,,,"STEFANIK, Elise M",S001196,1984,,0.217,0.009,-45.16191,0.79136,193,22,,0.217,-0.043
116,House,21542,13,24,NY,200,,,"KATKO, John",K000386,1962,,0.205,-0.012,-40.02394,0.7966,176,20,,0.187,-0.062
116,House,21715,13,13,NY,100,,,"ESPAILLAT, Adriano J.",E000297,1954,,-0.624,-0.061,-3.39473,0.98265,194,1,,-0.613,-0.55
116,House,21747,13,3,NY,100,,,"SUOZZI, Thomas",S001201,1962,,-0.203,0.083,-16.91606,0.9165,194,12,,-0.291,0.497
116,House,21761,13,25,NY,100,,,"MORELLE, Joseph D.",M001206,1957,,-0.578,0.229,-4.18476,0.97844,192,2,,-0.589,0.221
116,House,21904,13,22,NY,100,,,"BRINDISI, Anthony",B001308,1978,,-0.12,0.546,-25.49837,0.87503,191,12,,-0.119,0.535
116,House,21916,13,19,NY,100,,,"DELGADO, Antonio",D000630,1977,,-0.146,0.139,-25.75399,0.87568,194,9,,-0.145,0.146
116,House,21949,13,14,NY,100,,,"OCASIO-CORTEZ, Alexandria",O000172,1989,,-0.193,-0.981,-26.55746,0.87206,194,9,,-0.191,-0.982
116,House,21958,13,11,NY,100,,,"ROSE, Max",R000613,1986,,-0.116,0.086,-22.46694,0.88564,185,13,,-0.116,0.095
116,House,29134,13,15,NY,100,,,"SERRANO, José E.",S000248,1943,,-0.491,-0.38,-0.98846,0.99487,192,0,,-0.534,-0.392
116,House,29375,13,2,NY,200,,,"KING, Peter T.",K000210,1944,,0.261,-0.033,-41.94751,0.80465,193,17,,0.307,-0.111
116,House,29377,13,10,NY,100,,,"NADLER, Jerrold Lewis",N000002,1947,,-0.509,-0.509,-4.68952,0.97587,192,2,,-0.704,-0.094
116,House,29378,13,7,NY,100,,,"VELÁZQUEZ, Nydia M.",V000081,1953,,-0.547,-0.336,-2.99145,0.98421,188,1,,-0.613,-0.551
116,House,29379,13,12,NY,100,,,"MALONEY, Carolyn Bosher",M000087,1946,,-0.387,-0.276,-2.21572,0.98859,193,1,,-0.471,-0.179
116,House,29776,13,5,NY,100,,,"MEEKS, Gregory W.",M001137,1953,,-0.413,-0.074,-6.33292,0.96485,177,3,,-0.385,0.098
116,House,15438,47,4,NC,100,,,"PRICE, David Eugene",P000523,1940,,-0.343,-0.029,-2.72505,0.98583,191,0,,-0.517,-0.399
116,House,20340,47,1,NC,100,,,"BUTTERFIELD, George Kenneth, Jr. (G.K.)",B001251,1947,,-0.403,0.183,-3.58958,0.98148,192,0,,-0.465,-0.163
116,House,20521,47,5,NC,200,,,"FOXX, Virginia Ann",F000450,1943,,0.637,0.116,-43.77522,0.798,194,16,,0.51,-0.174
116,House,20522,47,10,NC,200,,,"McHENRY, Patrick T.",M001156,1975,,0.572,0.098,-41.62902,0.80416,191,15,,0.396,0.08
116,House,21346,47,8,NC,200,,,"HUDSON, Richard",H001067,1971,,0.643,0.147,-36.77336,0.81973,185,14,,0.434,0.107
116,House,21348,47,11,NC,200,,,"MEADOWS, Mark",M001187,1959,,0.624,-0.203,-37.10758,0.82174,189,20,,0.647,-0.218
116,House,21349,47,2,NC,200,,,"HOLDING, George E.B.",H001065,1968,,0.641,0.165,-15.12713,0.92347,190,5,,0.521,0.565
116,House,21543,47,6,NC,200,,,"WALKER, Bradley Mark",W000819,1969,,0.621,-0.014,-17.59074,0.8965,161,6,,0.686,0.315
116,House,21544,47,7,NC,200,,,"ROUZER, David",R000603,1972,,0.596,0.209,-25.23437,0.87744,193,9,,0.526,0.338
116,House,21545,47,12,NC,100,,,"ADAMS, Alma",A000370,1946,,-0.469,0.015,-1.95978,0.98923,181,0,,-0.534,-0.392
116,House,21708,47,13,NC,200,,,"BUDD, Theodore Paul",B001305,1971,,0.695,-0.083,-25.91795,0.87373,192,11,,0.681,-0.039
116,House,29546,47,3,NC,200,,,"JONES, Walter Beaman, Jr.",J000255,1943,,0.244,-0.362,,,,,,,
116,House,21901,36,1,ND,200,,,"ARMSTRONG, Kelly",A000377,1976,,0.463,-0.06,-26.56943,0.86486,183,12,,0.462,-0.061
116,House,15029,24,9,OH,100,,,"KAPTUR, Marcia Carolyn (Marcy)",K000009,1946,,-0.35,0.108,-4.51299,0.97653,190,1,,-0.572,0.245
116,House,20342,24,10,OH,200,,,"TURNER, Michael R.",T000463,1960,,0.267,0.197,-20.70807,0.89622,189,4,,0.304,0.262
116,House,20343,24,13,OH,100,,,"RYAN, Timothy J.",R000577,1973,,-0.403,0.215,-1.90079,0.98612,136,1,,-0.514,-0.346
116,House,20738,24,4,OH,200,,,"JORDAN, Jim",J000289,1964,,0.712,-0.216,-27.86137,0.86622,194,9,,0.753,-0.173
116,House,20755,24,5,OH,200,,,"LATTA, Robert E.",L000566,1956,,0.519,0.259,-10.2871,0.94836,194,2,,0.495,0.43
116,House,20941,24,11,OH,100,,,"FUDGE, Marcia L.",F000455,1952,,-0.582,0.141,-22.17639,0.88817,187,8,,-0.574,0.739
116,House,21162,24,6,OH,200,,,"JOHNSON, Bill",J000292,1954,,0.427,0.269,-11.82015,0.93745,183,2,,0.365,0.616
116,House,21163,24,15,OH,200,,,"STIVERS, Steve",S001187,1965,,0.301,0.262,-32.41464,0.83003,174,18,,0.338,0.113
116,House,21165,24,7,OH,200,,,"GIBBS, Bob",G000563,1954,,0.463,0.301,-16.10037,0.9175,187,4,,0.497,0.868
116,House,21351,24,2,OH,200,,,"WENSTRUP, Brad",W000815,1958,,0.576,0.179,-22.26471,0.88053,175,11,,0.548,0.158
116,House,21352,24,3,OH,100,,,"BEATTY, Joyce",B001281,1950,,-0.428,0.07,-4.63677,0.97626,193,1,,-0.366,-0.294
116,House,21353,24,14,OH,200,,,"JOYCE, David",J000295,1957,,0.26,0.252,-29.74889,0.85715,193,12,,0.331,0.01
116,House,21564,24,8,OH,200,,,"DAVIDSON, Warren",D000626,1970,,0.715,-0.274,-48.21566,0.77378,188,30,,0.604,-0.369
116,House,21759,24,12,OH,200,,,"BALDERSON, Troy",B001306,1962,,0.365,0.726,-8.16241,0.9588,194,2,,0.368,0.78
116,House,21924,24,16,OH,200,,,"GONZALEZ, Anthony",G000588,1984,,0.287,0.226,-20.64969,0.89853,193,8,,0.286,0.225
116,House,29550,24,1,OH,200,,,"CHABOT, Steve",C000266,1953,,0.583,-0.241,-23.94404,0.88389,194,10,,0.557,0.14
116,House,20344,53,4,OK,200,,,"COLE, Tom",C001053,1949,,0.335,0.369,-16.74586,0.91689,193,6,,0.308,0.621
116,House,21355,53,2,OK,200,,,"MULLIN, Markwayne",M001190,1977,,0.503,0.406,-32.84447,0.83236,179,11,,0.493,0.185
116,House,21760,53,1,OK,200,,,"HERN, Kevin",H001082,1961,,0.698,0.012,-24.66525,0.87704,188,10,,0.757,0.063
116,House,21933,53,5,OK,100,,,"HORN, Kendra",H001083,1976,,-0.16,0.502,-28.13345,0.8637,192,14,,-0.16,0.482
116,House,29393,53,3,OK,200,,,"LUCAS, Frank D.",L000491,1960,,0.364,0.411,-15.62383,0.92146,191,7,,0.364,0.694
116,House,15410,72,4,OR,100,,,"DeFAZIO, Peter Anthony",D000191,1947,,-0.429,0.011,-3.93191,0.97815,178,1,,-0.373,-0.203
116,House,20944,72,5,OR,100,,,"SCHRADER, Kurt",S001180,1951,,-0.192,0.064,-22.72136,0.88616,188,16,,-0.177,0.393
116,House,21198,72,1,OR,100,,,"BONAMICI, Suzanne",B001278,1954,,-0.392,-0.397,-1.23413,0.99363,193,0,,-0.534,-0.392
116,House,29588,72,3,OR,100,,,"BLUMENAUER, Earl",B000574,1948,,-0.427,-0.663,-1.11408,0.99415,190,0,,-0.519,-0.397
116,House,29932,72,2,OR,200,,,"WALDEN, Greg",W000791,1957,,0.336,-0.029,-36.25278,0.82546,189,17,,0.256,0.08
116,House,20946,14,15,PA,200,,,"THOMPSON, Glenn",T000467,1959,,0.31,0.393,-14.29052,0.92863,193,1,,0.35,0.672
116,House,21167,14,16,PA,200,,,"KELLY, Mike",K000376,1948,,0.329,0.481,-35.55731,0.8285,189,14,,0.563,0.185
116,House,21170,14,12,PA,200,,,"MARINO, Thomas A.",M001179,1952,,0.352,0.477,-0.28897,0.98751,23,0,,0.0,0.0
116,House,21356,14,10,PA,200,,,"PERRY, Scott",P000605,1962,,0.659,-0.377,-38.56827,0.81273,186,24,,0.618,-0.385
116,House,21358,14,8,PA,100,,,"CARTWRIGHT, Matt",C001090,1961,,-0.371,-0.052,-2.68248,0.98521,180,1,,-0.47,-0.179
116,House,21548,14,2,PA,100,,,"BOYLE, Brendan Francis",B001296,1977,,-0.397,0.153,-3.50812,0.98171,190,1,,-0.532,-0.383
116,House,21566,14,3,PA,100,,,"EVANS, Dwight",E000296,1954,,-0.45,-0.07,-4.25622,0.9783,194,1,,-0.366,-0.294
116,House,21718,14,1,PA,200,,,"FITZPATRICK, Brian K.",F000466,1973,,0.194,-0.22,-45.81686,0.78965,194,18,,0.153,-0.077
116,House,21745,14,11,PA,200,,,"SMUCKER, Lloyd K.",S001199,1964,,0.401,0.28,-13.53398,0.92558,175,5,,0.424,0.175
116,House,21756,14,17,PA,100,,,"LAMB, Conor",L000588,1984,,-0.093,0.028,-27.71812,0.86622,193,10,,-0.098,0.051
116,House,21762,14,5,PA,100,,,"SCANLON, Mary Gay",S001205,1959,,-0.323,-0.354,-2.25065,0.98841,193,1,,-0.445,-0.197
116,House,21763,14,7,PA,100,,,"WILD, Susan",W000826,1957,,-0.481,0.877,-13.90379,0.93049,193,6,,-0.427,0.829
116,House,21915,14,4,PA,100,,,"DEAN, Madeleine",D000631,1959,,-0.471,-0.179,-2.15619,0.98895,194,1,,-0.471,-0.179
116,House,21934,14,6,PA,100,,,"HOULAHAN, Christina",H001085,1967,,-0.328,0.74,-14.14106,0.92935,193,6,,-0.327,0.75
116,House,21936,14,13,PA,200,,,"JOYCE, John",J000302,1957,,0.555,0.082,-20.10771,0.90154,194,9,,0.555,0.082
116,House,21945,14,9,PA,200,,,"MEUSER, Dan",M001204,1964,,0.67,0.714,-14.13462,0.92903,192,7,,0.67,0.714
116,House,21956,14,14,PA,200,,,"RESCHENTHALER, Guy",R000610,1983,,0.493,0.193,-19.68539,0.90158,190,8,,0.493,0.193
116,House,21985,14,12,PA,200,,,"KELLER, Fred",K000395,1965,,,,,,,,,0.344,-0.939
116,House,29561,14,18,PA,100,,,"DOYLE, Michael F.",D000482,1953,,-0.33,0.121,-4.21569,0.97817,191,0,,-0.472,-0.166
116,House,20136,5,2,RI,100,,,"LANGEVIN, James",L000559,1964,,-0.376,0.106,-19.66027,0.90315,193,4,,-0.995,0.101
116,House,21172,5,1,RI,100,,,"CICILLINE, David N.",C001084,1961,,-0.39,-0.288,-11.96621,0.93896,190,3,,-0.655,-0.756
116,House,20138,48,2,SC,200,,,"WILSON, Addison Graves (Joe)",W000795,1947,,0.544,0.103,-19.84956,0.89392,177,9,,0.484,0.099
116,House,21174,48,3,SC,200,,,"DUNCAN, Jeff",D000615,1966,,0.738,-0.193,-26.57338,0.87199,194,5,,0.722,-0.04
116,House,21359,48,7,SC,200,,,"RICE, Tom",R000597,1957,,0.578,-0.261,-45.30832,0.7898,192,25,,0.57,-0.36
116,House,21753,48,5,SC,200,,,"NORMAN, Ralph",N000190,1953,,0.74,-0.132,-25.11272,0.8768,191,10,,0.847,0.272
116,House,21913,48,1,SC,100,,,"CUNNINGHAM, Joe",C001122,1982,,-0.107,0.493,-25.27917,0.87783,194,11,,-0.107,0.482
116,House,21974,48,4,SC,200,,,"TIMMONS, William",T000480,1984,,0.541,0.43,-12.35169,0.93832,194,4,,0.541,0.43
116,House,39301,48,6,SC,100,,,"CLYBURN, James Enos",C000537,1940,,-0.464,0.254,-5.17385,0.97135,178,1,,-0.347,-0.424
116,House,21935,37,1,SD,200,,,"JOHNSON, Dustin",J000301,1976,,0.466,0.183,-22.951,0.88788,193,5,,0.466,0.183
116,House,15019,54,5,TN,100,,,"COOPER, James Hayes Shofner",C000754,1954,,-0.162,-0.036,-10.29889,0.94751,191,3,,-0.267,-0.055
116,House,20748,54,9,TN,100,,,"COHEN, Stephen",C001068,1949,,-0.4,-0.356,-2.20647,0.98814,185,1,,-0.46,-0.184
116,House,20947,54,1,TN,200,,,"ROE, David P. (Phil)",R000582,1945,,0.493,0.012,-19.86427,0.90267,194,9,,0.485,0.221
116,House,21178,54,3,TN,200,,,"FLEISCHMANN, Chuck",F000459,1962,,0.473,0.3,-23.16037,0.88747,194,10,,0.52,0.161
116,House,21179,54,4,TN,200,,,"DESJARLAIS, Scott",D000616,1964,,0.598,-0.102,-17.77576,0.90496,178,5,,0.704,0.222
116,House,21731,54,8,TN,200,,,"KUSTOFF, David",K000392,1966,,0.531,0.147,-11.3348,0.94026,184,2,,0.467,0.884
116,House,21905,54,2,TN,200,,,"BURCHETT, Timothy",B001309,1964,,0.715,-0.146,-32.92015,0.84168,191,14,,0.715,-0.146
116,House,21926,54,7,TN,200,,,"GREEN, Mark",G000590,1964,,0.795,0.319,-18.90329,0.90287,185,10,,0.795,0.319
116,House,21959,54,6,TN,200,,,"ROSE, John",R000612,1965,,0.577,0.108,-22.87471,0.88768,192,7,,0.577,0.108
116,House,20355,49,26,TX,200,,,"BURGESS, Michael C.",B001248,1950,,0.57,-0.218,-40.81296,0.80851,192,18,,0.597,-0.145
116,House,20356,49,31,TX,200,,,"CARTER, John R.",C001051,1941,,0.466,0.602,-25.05908,0.87268,184,12,,0.471,0.493
116,House,20527,49,1,TX,200,,,"GOHMERT, Louie",G000552,1953,,0.613,-0.316,-46.00636,0.77111,177,26,,0.731,-0.519
116,House,20529,49,9,TX,100,,,"GREEN, Al",G000553,1947,,-0.438,0.321,-8.94529,0.95471,193,5,,-0.411,0.344
116,House,20530,49,10,TX,200,,,"McCAUL, Michael T.",M001157,1962,,0.447,0.091,-22.74449,0.88829,192,9,,0.332,0.285
116,House,20531,49,11,TX,200,,,"CONAWAY, K. Michael",C001062,1948,,0.59,0.356,-24.06427,0.88334,194,11,,0.573,0.257
116,House,20532,49,24,TX,200,,,"MARCHANT, Kenny",M001158,1951,,0.599,0.175,-18.43936,0.90562,186,6,,0.571,0.405
116,House,20533,49,28,TX,100,,,"CUELLAR, Henry",C001063,1955,,-0.226,0.619,-24.79836,0.88001,194,12,,-0.236,0.467
116,House,20948,49,22,TX,200,,,"OLSON, Pete",O000168,1962,,0.541,0.308,-21.02695,0.88678,175,7,,0.587,0.316
116,House,21182,49,17,TX,200,,,"FLORES, Bill",F000461,1954,,0.588,0.316,-24.72447,0.87858,191,7,,0.386,0.364
116,House,21360,49,14,TX,200,,,"WEBER, Randy",W000814,1953,,0.711,0.061,-24.43845,0.8737,181,12,,0.816,0.115
116,House,21362,49,20,TX,100,,,"CASTRO, Joaquin",C001091,1974,,-0.395,-0.008,-5.54051,0.9717,193,1,,-0.615,-0.549
116,House,21364,49,25,TX,200,,,"WILLIAMS, Roger",W000816,1949,,0.605,0.129,-22.73614,0.88941,194,7,,0.614,0.323
116,House,21365,49,33,TX,100,,,"VEASEY, Marc",V000131,1971,,-0.404,0.288,-4.74963,0.97557,192,0,,-0.457,-0.178
116,House,21366,49,34,TX,100,,,"VELA, Filemon",V000132,1963,,-0.31,0.411,-14.86684,0.92623,194,6,,-0.643,-0.159
116,House,21549,49,4,TX,200,,,"RATCLIFFE, John",R000601,1965,,0.735,0.141,-20.5889,0.89468,185,8,,0.714,0.196
116,House,21550,49,23,TX,200,,,"HURD, William Ballard",H001073,1977,,0.319,0.215,-68.70245,0.70049,193,29,,0.184,0.343
116,House,21551,49,36,TX,200,,,"BABIN, Brian",B001291,1948,,0.707,0.177,-23.38743,0.88064,184,11,,0.798,0.602
116,House,21700,49,19,TX,200,,,"ARRINGTON, Jodey Cook",A000375,1972,,0.522,0.023,-31.47933,0.84582,188,17,,0.48,-0.094
116,House,21722,49,15,TX,100,,,"GONZALEZ, Vicente Jr.",G000581,1967,,-0.359,0.605,-20.78625,0.89533,188,11,,-0.209,-0.309
116,House,21758,49,27,TX,200,,,"CLOUD, Michael",C001115,1975,,0.663,-0.134,-30.18165,0.85454,192,12,,0.668,-0.18
116,House,21900,49,32,TX,100,,,"ALLRED, Colin",A000376,1983,,-0.424,0.209,-5.41674,0.97052,181,2,,-0.423,0.209
116,House,21911,49,2,TX,200,,,"CRENSHAW, Daniel",C001120,1984,,0.407,0.493,-14.73921,0.92647,193,8,,0.407,0.493
116,House,21917,49,16,TX,100,,,"ESCOBAR, Veronica",E000299,1969,,-0.613,-0.55,-2.72485,0.98605,194,1,,-0.613,-0.55
116,House,21919,49,7,TX,100,,,"FLETCHER, Elizabeth",F000468,1975,,-0.463,0.56,-9.65852,0.95119,193,6,,-0.462,0.56
116,House,21922,49,29,TX,100,,,"GARCIA, Sylvia",G000587,1950,,-0.643,-0.159,-4.4219,0.97746,194,2,,-0.643,-0.159
116,House,21925,49,5,TX,200,,,"GOODEN, Lance",G000589,1982,,0.684,0.468,-11.94057,0.94031,194,3,,0.684,0.468
116,House,21961,49,21,TX,200,,,"ROY, Charles",R000614,1972,,0.8,-0.6,-38.51864,0.8165,190,12,,1.0,-0.03
116,House,21973,49,3,TX,200,,,"TAYLOR, Nicholas",T000479,1972,,0.542,-0.19,-38.20671,0.8204,193,23,,0.542,-0.19
116,House,21984,49,6,TX,200,,,"WRIGHT, Ron",W000827,1953,,0.72,0.18,-16.80801,0.91404,187,5,,0.72,0.18
116,House,29571,49,35,TX,100,,,"DOGGETT, Lloyd Alton, II",D000399,1946,,-0.402,-0.311,-3.7172,0.98073,191,1,,-0.613,-0.55
116,House,29572,49,13,TX,200,,,"THORNBERRY, William McClellan (Mac)",T000238,1958,,0.526,0.301,-35.49058,0.83203,193,17,,0.464,-0.009
116,House,29573,49,18,TX,100,,,"JACKSON LEE, Sheila",J000032,1950,,-0.459,0.132,-2.56538,0.98645,188,0,,-0.524,-0.391
116,House,29760,49,8,TX,200,,,"BRADY, Kevin Patrick",B000755,1955,,0.518,0.212,-29.71527,0.8538,188,13,,0.512,-0.011
116,House,29762,49,12,TX,200,,,"GRANGER, Kay",G000377,1943,,0.394,0.234,-24.02118,0.87376,178,11,,0.542,0.362
116,House,39305,49,30,TX,100,,,"JOHNSON, Eddie Bernice",J000126,1935,,-0.486,0.203,-3.05434,0.98438,194,0,,-0.534,-0.392
116,House,20357,67,1,UT,200,,,"BISHOP, Robert (Rob)",B001250,1951,,0.53,0.111,-25.74984,0.8617,173,10,,0.512,-0.005
116,House,21367,67,2,UT,200,,,"STEWART, Chris",S001192,1960,,0.522,0.121,-20.70113,0.89779,192,11,,0.533,0.282
116,House,21755,67,3,UT,200,,,"CURTIS, John R.",C001114,1960,,0.544,-0.016,-23.50231,0.88535,193,12,,0.538,-0.001
116,House,21943,67,4,UT,100,,,"McADAMS, Ben",M001209,1974,,-0.129,0.36,-24.36839,0.88196,194,10,,-0.13,0.379
116,House,20750,6,1,VT,100,,,"WELCH, Peter",W000800,1947,,-0.408,-0.351,-1.20337,0.99348,184,0,,-0.537,-0.384
116,House,20756,40,1,VA,200,,,"WITTMAN, Robert J.",W000804,1959,,0.425,-0.024,-24.2605,0.88013,190,8,,0.368,0.458
116,House,20952,40,11,VA,100,,,"CONNOLLY, Gerald E. (Gerry)",C001078,1950,,-0.307,-0.01,-22.67904,0.88692,189,10,,-0.201,0.101
116,House,21191,40,9,VA,200,,,"GRIFFITH, H. Morgan",G000568,1958,,0.543,-0.446,-36.05252,0.82717,190,15,,0.534,-0.331
116,House,21554,40,8,VA,100,,,"BEYER, Donald Sternoff Jr.",B001292,1950,,-0.387,-0.03,-4.71083,0.97525,188,1,,-0.36,-0.401
116,House,21736,40,4,VA,100,,,"MCEACHIN, Aston Donald",M001200,1961,,-0.394,-0.139,-2.03076,0.98791,167,1,,-0.473,-0.116
116,House,21908,40,6,VA,200,,,"CLINE, Benjamin",C001118,1972,,0.751,-0.271,-30.58222,0.85416,194,10,,0.751,-0.271
116,House,21941,40,2,VA,100,,,"LURIA, Elaine",L000591,1975,,-0.199,0.312,-21.394,0.89558,194,15,,-0.199,0.32
116,House,21957,40,5,VA,200,,,"RIGGLEMAN, Denver",R000611,1970,,0.454,0.0,-31.21159,0.84924,191,13,,0.453,-0.0
116,House,21966,40,7,VA,100,,,"SPANBERGER, Abigail",S001209,1979,,-0.175,0.426,-20.55729,0.89946,194,7,,-0.176,0.446
116,House,21983,40,10,VA,100,,,"WEXTON, Jennifer",W000825,1968,,-0.472,0.797,-8.58634,0.95671,194,3,,-0.47,0.799
116,House,39307,40,3,VA,100,,,"SCOTT, Robert C.",S000185,1947,,-0.451,0.01,-7.73912,0.96069,193,3,,-0.762,0.274
116,House,20145,73,2,WA,100,,,"LARSEN, Richard Ray (Rick)",L000560,1965,,-0.364,0.19,-4.38345,0.97743,192,0,,-0.455,-0.188
116,House,20535,73,5,WA,200,,,"McMORRIS RODGERS, Cathy",M001159,1969,,0.429,0.126,-37.69435,0.8209,191,19,,0.417,-0.177
116,House,21187,73,3,WA,200,,,"HERRERA BEUTLER, Jaime",H001056,1978,,0.368,-0.203,-43.58083,0.77731,173,20,,0.252,0.005
116,House,21368,73,6,WA,100,,,"KILMER, Derek",K000381,1974,,-0.308,-0.018,-18.4094,0.90947,194,11,,-0.505,0.863
116,House,21369,73,10,WA,100,,,"HECK, Denny",H001064,1952,,-0.313,-0.124,-2.88723,0.98523,194,1,,-0.471,-0.179
116,House,21556,73,4,WA,200,,,"NEWHOUSE, Daniel Milton",N000189,1955,,0.362,0.192,-31.95378,0.84814,194,16,,0.386,0.078
116,House,21726,73,7,WA,100,,,"JAYAPAL, Pramila",J000298,1965,,-0.705,-0.172,-4.55216,0.97669,193,2,,-0.716,-0.621
116,House,21962,73,8,WA,100,,,"SCHRIER, Kim",S001216,1968,,-0.33,0.541,-13.92779,0.93072,194,6,,-0.328,0.544
116,House,29768,73,9,WA,100,,,"SMITH, Adam",S000510,1965,,-0.284,-0.157,-2.92772,0.98447,187,1,,-0.53,-0.391
116,House,31101,73,1,WA,100,,,"DelBENE, Suzan K.",D000617,1962,,-0.279,-0.231,-2.73657,0.98599,194,0,,-0.534,-0.392
116,House,21188,56,1,WV,200,,,"McKINLEY, David",M001180,1947,,0.293,0.163,-25.79685,0.87549,194,7,,0.376,0.171
116,House,21557,56,2,WV,200,,,"MOONEY, Alex X.",M001195,1971,,0.579,-0.278,-33.61003,0.83787,190,12,,0.579,-0.134
116,House,21946,56,3,WV,200,,,"MILLER, Carol",M001205,1950,,0.494,0.341,-13.44624,0.9327,193,5,,0.494,0.341
116,House,14657,25,5,WI,200,,,"SENSENBRENNER, Frank James, Jr.",S000244,1943,,0.643,-0.603,-50.04543,0.73141,160,26,,0.528,-0.198
116,House,20537,25,4,WI,100,,,"MOORE, Gwendolynne S. (Gwen)",M001160,1951,,-0.53,-0.245,-2.2638,0.98822,191,1,,-0.471,-0.179
116,House,21189,25,7,WI,200,,,"DUFFY, Sean",D000614,1971,,0.512,-0.114,-23.53939,0.88172,187,7,,0.59,0.233
116,House,21370,25,2,WI,100,,,"POCAN, Mark",P000607,1964,,-0.545,-0.503,-0.99335,0.9947,187,0,,-0.53,-0.392
116,House,21559,25,6,WI,200,,,"GROTHMAN, Glenn",G000576,1955,,0.613,-0.289,-40.93971,0.80887,193,22,,0.597,-0.442
116,House,21720,25,8,WI,200,,,"GALLAGHER, Michael",G000579,1984,,0.515,-0.064,-32.20283,0.84705,194,12,,0.443,-0.174
116,House,21970,25,1,WI,200,,,"STEIL, Bryan",S001213,1981,,0.4,-0.226,-33.18642,0.84277,194,19,,0.399,-0.228
116,House,29769,25,3,WI,100,,,"KIND, Ron",K000188,1963,,-0.262,-0.084,-27.91468,0.86336,190,13,,-0.227,0.381
116,House,21710,68,1,WY,200,,,"CHENEY, Liz",C001109,1966,,0.538,0.559,-11.42868,0.94279,194,4,,0.583,0.813
116,Senate,41705,41,0,AL,100,,,"JONES, Gordon Douglas (Doug)",J000300,1954,,-0.105,0.155,-17.0506,0.87619,129,3,,-0.095,0.241
116,Senate,94659,41,0,AL,200,,,"SHELBY, Richard C.",S000320,1934,,0.432,0.53,-19.19362,0.86371,131,9,,0.547,-0.116
116,Senate,40300,81,0,AK,200,,,"MURKOWSKI, Lisa",M001153,1957,,0.209,-0.287,-9.94599,0.91715,115,3,,0.338,-0.435
116,Senate,41500,81,0,AK,200,,,"SULLIVAN, Daniel Scott",S001198,1964,,0.465,0.102,-8.02869,0.9392,128,4,,0.458,0.096
116,Senate,21300,61,0,AZ,100,,,"SINEMA, Kyrsten",S001191,1976,,-0.106,0.059,-18.18543,0.85374,115,8,,-0.077,0.203
116,Senate,21501,61,0,AZ,200,,,"McSALLY, Martha",M001197,1966,,0.347,0.011,-17.5051,0.87311,129,8,,0.391,0.425
116,Senate,20101,42,0,AR,200,,,"BOOZMAN, John",B001236,1950,,0.401,0.246,-9.34094,0.93118,131,3,,0.32,0.138
116,Senate,21301,42,0,AR,200,,,"COTTON, Tom",C001095,1977,,0.603,0.11,-25.42043,0.82362,131,10,,0.481,-0.209
116,Senate,41701,71,0,CA,100,,,"HARRIS, Kamala Devi",H001075,1964,,-0.696,-0.07,-8.41806,0.91434,94,5,,-0.715,-0.086
116,Senate,49300,71,0,CA,100,,,"FEINSTEIN, Dianne",F000062,1933,,-0.27,-0.212,-17.74808,0.8733,131,10,,-0.264,-0.173
116,Senate,21112,62,0,CO,200,,,"GARDNER, Cory",G000562,1974,,0.449,-0.019,-12.49555,0.90768,129,6,,0.28,-0.053
116,Senate,40910,62,0,CO,100,,,"BENNET, Michael F.",B001267,1964,,-0.209,-0.121,-14.96775,0.88181,119,8,,-0.245,-0.021
116,Senate,20707,1,0,CT,100,,,"MURPHY, Christopher",M001169,1973,,-0.302,-0.179,-18.82649,0.86614,131,14,,-0.214,-0.407
116,Senate,41101,1,0,CT,100,,,"BLUMENTHAL, Richard",B001277,1946,,-0.413,-0.082,-16.75957,0.87728,128,10,,-0.406,0.256
116,Senate,15015,11,0,DE,100,,,"CARPER, Thomas Richard",C000174,1947,,-0.175,-0.223,-15.77064,0.88492,129,6,,-0.216,-0.358
116,Senate,40916,11,0,DE,100,,,"COONS, Christopher A.",C001088,1963,,-0.238,-0.208,-10.92187,0.92001,131,4,,-0.228,-0.159
116,Senate,41102,43,0,FL,200,,,"RUBIO, Marco",R000595,1971,,0.581,-0.304,-16.71299,0.87578,126,8,,0.605,-0.42
116,Senate,41903,43,0,FL,200,,,"SCOTT, Richard Lynn (Rick)",S001217,1952,,0.412,0.318,-4.70605,0.96334,126,1,,0.412,0.318
116,Senate,29909,44,0,GA,200,,,"ISAKSON, Johnny",I000055,1944,,0.402,-0.012,-8.76169,0.93384,128,2,,0.332,0.101
116,Senate,41501,44,0,GA,200,,,"PERDUE, David Alfred, Jr.",P000612,1949,,0.586,-0.109,-7.67437,0.93651,117,3,,0.432,0.348
116,Senate,20713,82,0,HI,100,,,"HIRONO, Mazie",H001042,1947,,-0.492,-0.094,-11.32302,0.91273,124,5,,-0.576,-0.136
116,Senate,41112,82,0,HI,100,,,"SCHATZ, Brian Emanuel",S001194,1972,,-0.425,-0.074,-13.01618,0.90472,130,8,,-0.474,-0.002
116,Senate,29345,63,0,ID,200,,,"CRAPO, Michael Dean",C000880,1951,,0.51,0.288,-8.03691,0.9396,129,3,,0.514,0.853
116,Senate,40902,63,0,ID,200,,,"RISCH, James",R000584,1943,,0.631,0.574,-6.4491,0.95086,128,4,,0.513,0.858
116,Senate,15021,21,0,IL,100,,,"DURBIN, Richard Joseph",D000563,1944,,-0.361,-0.361,-15.97807,0.88178,127,7,,-0.314,-0.211
116,Senate,21325,21,0,IL,100,,,"DUCKWORTH, Tammy",D000622,1968,,-0.323,0.093,-14.75817,0.8911,128,6,,-0.387,0.385
116,Senate,21133,22,0,IN,200,,,"YOUNG, Todd",Y000064,1972,,0.483,0.018,-20.14588,0.85115,125,11,,0.541,-0.458
116,Senate,41900,22,0,IN,200,,,"BRAUN, Michael",B001310,1954,,0.761,0.648,-7.69748,0.94293,131,3,,0.761,0.648
116,Senate,14226,31,0,IA,200,,,"GRASSLEY, Charles Ernest",G000386,1933,,0.344,-0.07,-24.54459,0.82914,131,10,,0.644,0.044
116,Senate,41502,31,0,IA,200,,,"ERNST, Joni",E000295,1970,,0.504,0.05,-6.33188,0.95281,131,2,,0.417,0.383
116,Senate,14852,32,0,KS,200,,,"ROBERTS, Charles Patrick (Pat)",R000307,1936,,0.414,-0.093,-5.75281,0.95704,131,0,,0.329,0.213
116,Senate,29722,32,0,KS,200,,,"MORAN, Jerry",M000934,1954,,0.414,0.232,-19.85424,0.84269,116,7,,0.33,-0.145
116,Senate,14921,51,0,KY,200,,,"McCONNELL, Addison Mitchell (Mitch)",M000355,1942,,0.404,0.002,-20.84579,0.85289,131,7,,0.393,-0.027
116,Senate,41104,51,0,KY,200,,,"PAUL, Rand",P000603,1963,,0.878,-0.479,-35.41138,0.75158,124,18,,0.911,-0.413
116,Senate,20919,45,0,LA,200,,,"CASSIDY, Bill",C001075,1957,,0.451,-0.098,-5.59202,0.95692,127,0,,0.391,0.334
116,Senate,41703,45,0,LA,200,,,"KENNEDY, John Neely",K000393,1951,,0.544,0.261,-27.74967,0.8051,128,13,,0.697,-0.312
116,Senate,41300,2,0,ME,328,,,"KING, Angus Stanley, Jr.",K000383,1944,,-0.154,-0.234,-11.9769,0.91263,131,4,,-0.176,-0.244
116,Senate,49703,2,0,ME,200,,,"COLLINS, Susan Margaret",C001035,1952,,0.111,-0.551,-14.28948,0.89666,131,4,,0.147,-0.451
116,Senate,15408,52,0,MD,100,,,"CARDIN, Benjamin Louis",C000141,1943,,-0.326,-0.249,-16.69316,0.87949,130,6,,-0.305,-0.068
116,Senate,20330,52,0,MD,100,,,"VAN HOLLEN, Christopher",V000128,1959,,-0.39,-0.179,-14.28342,0.89595,130,4,,-0.334,-0.484
116,Senate,14435,3,0,MA,100,,,"MARKEY, Edward John",M000133,1946,,-0.505,-0.437,-17.13228,0.87741,131,7,,-0.522,-0.853
116,Senate,41301,3,0,MA,100,,,"WARREN, Elizabeth",W000817,1949,,-0.767,-0.279,-5.756,0.95317,120,2,,-0.804,-0.594
116,Senate,20923,23,0,MI,100,,,"PETERS, Gary C.",P000595,1958,,-0.24,-0.218,-27.3334,0.81168,131,14,,-0.385,-0.27
116,Senate,29732,23,0,MI,100,,,"STABENOW, Deborah Ann",S000770,1950,,-0.332,0.028,-18.78767,0.86447,129,6,,-0.39,0.031
116,Senate,40700,33,0,MN,100,,,"KLOBUCHAR, Amy",K000367,1960,,-0.257,-0.19,-37.68797,0.72855,119,18,,-0.38,-0.482
116,Senate,41706,33,0,MN,100,,,"SMITH, Tina",S001203,1958,,-0.364,-0.075,-12.37948,0.90983,131,7,,-0.382,-0.077
116,Senate,29534,46,0,MS,200,,,"WICKER, Roger F.",W000437,1951,,0.377,0.356,-7.17262,0.94672,131,2,,0.382,0.174
116,Senate,41707,46,0,MS,200,,,"HYDE-SMITH, Cindy",H001079,1959,,0.378,0.197,-4.20576,0.96768,128,1,,0.333,0.233
116,Senate,29735,34,0,MO,200,,,"BLUNT, Roy",B000575,1950,,0.429,0.286,-7.34501,0.94507,130,3,,0.353,0.163
116,Senate,41901,34,0,MO,200,,,"HAWLEY, Joshua David",H001089,1979,,0.612,-0.339,-15.86552,0.88594,131,8,,0.612,-0.339
116,Senate,21338,64,0,MT,200,,,"DAINES, Steve",D000618,1962,,0.543,-0.13,-23.69468,0.83454,131,16,,0.526,-0.47
116,Senate,40702,64,0,MT,100,,,"TESTER, Jon",T000464,1956,,-0.212,0.134,-11.88758,0.91325,131,3,,-0.24,0.026
116,Senate,41302,35,0,NE,200,,,"FISCHER, Debra (Deb)",F000463,1951,,0.466,0.317,-4.74037,0.96446,131,0,,0.446,0.392
116,Senate,41503,35,0,NE,200,,,"SASSE, Benjamin Eric",S001197,1972,,0.809,-0.281,-12.96616,0.90437,129,6,,0.792,-0.5
116,Senate,21743,65,0,NV,100,,,"ROSEN, Jacklyn Sheryl",R000608,1957,,-0.248,0.216,-8.57182,0.93523,128,0,,-0.278,0.25
116,Senate,41700,65,0,NV,100,,,"CORTEZ MASTO, Catherine Marie",C001113,1964,,-0.38,0.333,-13.0034,0.9055,131,8,,-0.328,0.251
116,Senate,40906,4,0,NH,100,,,"SHAHEEN, Jeanne",S001181,1947,,-0.249,-0.212,-15.00285,0.89179,131,9,,-0.214,-0.221
116,Senate,41702,4,0,NH,100,,,"HASSAN, Margaret (Maggie)",H001076,1958,,-0.252,-0.081,-9.54849,0.9297,131,1,,-0.225,-0.098
116,Senate,29373,12,0,NJ,100,,,"MENENDEZ, Robert",M000639,1954,,-0.363,-0.113,-21.50129,0.84863,131,9,,-0.388,0.263
116,Senate,41308,12,0,NJ,100,,,"BOOKER, Cory Anthony",B001288,1969,,-0.62,-0.164,-8.19911,0.91293,90,4,,-0.743,0.042
116,Senate,20930,66,0,NM,100,,,"HEINRICH, Martin",H001046,1971,,-0.305,-0.027,-23.0538,0.83635,129,10,,-0.328,-0.221
116,Senate,29924,66,0,NM,100,,,"UDALL, Thomas (Tom)",U000039,1948,,-0.456,0.175,-12.57872,0.9064,128,6,,-0.496,0.013
116,Senate,14858,13,0,NY,100,,,"SCHUMER, Charles Ellis (Chuck)",S000148,1950,,-0.352,-0.391,-17.76961,0.87315,131,12,,-0.343,-0.481
116,Senate,20735,13,0,NY,100,,,"GILLIBRAND, Kirsten",G000555,1966,,-0.427,-0.283,-27.39661,0.78964,116,13,,-0.794,-0.608
116,Senate,29548,47,0,NC,200,,,"BURR, Richard M.",B001135,1955,,0.452,-0.055,-6.07287,0.95025,119,2,,0.318,0.233
116,Senate,41504,47,0,NC,200,,,"TILLIS, Thomas Roland (Thom)",T000476,1960,,0.416,0.037,-6.57702,0.94914,126,2,,0.354,0.317
116,Senate,21350,36,0,ND,200,,,"CRAMER, Kevin",C001096,1961,,0.392,0.303,-4.81973,0.96305,128,2,,0.417,0.305
116,Senate,41107,36,0,ND,200,,,"HOEVEN, John",H001061,1957,,0.342,0.334,-6.60677,0.94969,128,3,,0.401,0.384
116,Senate,29386,24,0,OH,200,,,"PORTMAN, Robert Jones (Rob)",P000449,1955,,0.374,-0.245,-7.69724,0.94294,131,2,,0.343,0.104
116,Senate,29389,24,0,OH,100,,,"BROWN, Sherrod",B000944,1952,,-0.435,-0.133,-17.79646,0.8702,128,9,,-0.32,-0.286
116,Senate,15424,53,0,OK,200,,,"INHOFE, James Mountain",I000024,1934,,0.555,0.041,-18.11276,0.86708,127,12,,0.78,-0.336
116,Senate,21166,53,0,OK,200,,,"LANKFORD, James",L000575,1968,,0.584,0.149,-11.83119,0.91364,131,7,,0.908,-0.418
116,Senate,14871,72,0,OR,100,,,"WYDEN, Ronald Lee",W000779,1949,,-0.32,-0.43,-13.54242,0.90179,131,5,,-0.318,-0.198
116,Senate,40908,72,0,OR,100,,,"MERKLEY, Jeff",M001176,1956,,-0.475,-0.769,-14.44276,0.89561,131,9,,-0.47,-0.387
116,Senate,29935,14,0,PA,200,,,"TOOMEY, Patrick Joseph",T000461,1961,,0.644,-0.299,-14.38206,0.89132,125,5,,0.908,-0.418
116,Senate,40703,14,0,PA,100,,,"CASEY, Robert (Bob), Jr.",C001070,1960,,-0.304,0.194,-17.86328,0.87253,131,9,,-0.312,0.309
116,Senate,29142,5,0,RI,100,,,"REED, John F. (Jack)",R000122,1949,,-0.381,-0.223,-15.43731,0.88884,131,9,,-0.417,0.019
116,Senate,40704,5,0,RI,100,,,"WHITEHOUSE, Sheldon",W000802,1955,,-0.393,-0.171,-20.32292,0.85528,130,12,,-0.402,0.248
116,Senate,21173,48,0,SC,200,,,"SCOTT, Tim",S001184,1965,,0.642,0.002,-15.42118,0.88814,130,9,,0.475,0.242
116,Senate,29566,48,0,SC,200,,,"GRAHAM, Lindsey O.",G000359,1955,,0.407,-0.169,-6.17829,0.95324,129,0,,0.328,0.213
116,Senate,29754,37,0,SD,200,,,"THUNE, John",T000250,1961,,0.41,0.133,-4.81153,0.96394,131,1,,0.389,0.29
116,Senate,41505,37,0,SD,200,,,"ROUNDS, Marion Michael (Mike)",R000605,1954,,0.384,0.058,-4.62799,0.96422,127,0,,0.326,0.253
116,Senate,20351,54,0,TN,200,,,"BLACKBURN, Marsha",B001243,1952,,0.615,0.13,-12.49359,0.90904,131,6,,0.622,0.369
116,Senate,40304,54,0,TN,200,,,"ALEXANDER, Lamar",A000360,1940,,0.323,-0.181,-9.33561,0.92515,120,1,,0.306,0.006
116,Senate,40305,49,0,TX,200,,,"CORNYN, John",C001056,1952,,0.495,-0.004,-6.02283,0.95404,128,1,,0.438,0.384
116,Senate,41304,49,0,TX,200,,,"CRUZ, Rafael Edward (Ted)",C001098,1970,,0.819,-0.315,-10.59038,0.9175,123,5,,0.834,-0.414
116,Senate,41110,67,0,UT,200,,,"LEE, Mike",L000577,1971,,0.918,-0.397,-28.7072,0.79769,127,15,,0.914,-0.405
116,Senate,41902,67,0,UT,200,,,"ROMNEY, Willard Mitt (Mitt)",R000615,1947,,0.317,0.489,-19.71779,0.86026,131,9,,0.317,0.489
116,Senate,14307,6,0,VT,100,,,"LEAHY, Patrick Joseph",L000174,1940,,-0.369,-0.137,-16.82035,0.87863,130,7,,-0.301,-0.286
116,Senate,29147,6,0,VT,328,,,"SANDERS, Bernard",S000033,1941,,-0.524,-0.369,-24.24157,0.81141,116,10,,-0.951,0.31
116,Senate,40909,40,0,VA,100,,,"WARNER, Mark",W000805,1954,,-0.196,-0.037,-10.67926,0.92171,131,3,,-0.232,-0.095
116,Senate,41305,40,0,VA,100,,,"KAINE, Timothy Michael (Tim)",K000384,1958,,-0.237,-0.1,-23.81975,0.83374,131,11,,-0.231,-0.199
116,Senate,39310,73,0,WA,100,,,"CANTWELL, Maria E.",C000127,1958,,-0.291,-0.395,-11.78629,0.91268,129,9,,-0.251,-0.349
116,Senate,49308,73,0,WA,100,,,"MURRAY, Patty",M001111,1950,,-0.343,-0.281,-12.98788,0.90131,125,8,,-0.389,0.154
116,Senate,20146,56,0,WV,200,,,"CAPITO, Shelley Moore",C001047,1953,,0.261,0.054,-5.79358,0.95506,126,0,,0.336,0.263
116,Senate,40915,56,0,WV,100,,,"MANCHIN, Joe, III",M001183,1947,,-0.058,0.458,-10.2524,0.92303,128,0,,-0.045,0.378
116,Senate,29940,25,0,WI,100,,,"BALDWIN, Tammy",B001230,1962,,-0.518,-0.223,-14.95555,0.89133,130,9,,-0.421,-0.207
116,Senate,41111,25,0,WI,200,,,"JOHNSON, Ron",J000293,1955,,0.601,-0.303,-12.69404,0.90628,129,6,,0.596,-0.02
116,Senate,40707,68,0,WY,200,,,"BARRASSO, John A.",B001261,1952,,0.538,0.233,-10.36398,0.92393,131,7,,0.669,0.213
116,Senate,49706,68,0,WY,200,,,"ENZI, Michael B.",E000285,1944,,0.54,0.189,-11.21496,0.91673,129,4,,0.459,0.824
